RSTCD,LOCCD,PLACD,Latitude,Longitude,planting_date
USLT	6Z42	162N	41.78115	-90.75037	05/01/2024
USLT	6Z42	101N	41.78115	-90.75037	04/25/2024
USLT	7Z39	161C	41.25342	-91.36396	04/23/2024
USLT	7Z39	103C	41.25342	-91.36396	04/23/2024
USLT	7Z39	102C	41.25342	-91.36396	04/23/2024
USLT	6548	110N	41.46896	-91.41388	04/25/2024
USLT	6548	106N	41.46896	-91.41388	04/24/2024
USLT	6548	102N	41.46896	-91.41388	04/24/2024
USLT	6548	109N	41.46896	-91.41388	04/25/2024
USLT	6548	103N	41.46896	-91.41388	04/24/2024
USLT	6548	107N	41.46896	-91.41388	04/24/2024
USLT	6548	161N	41.46896	-91.41388	04/24/2024
USLT	6548	111N	41.46896	-91.41388	04/25/2024
USLT	6548	105N	41.46896	-91.41388	04/24/2024
USLT	6548	104N	41.46896	-91.41388	04/24/2024
USLT	6548	108N	41.46896	-91.41388	04/24/2024
USLT	6548	201C	41.46896	-91.41388	04/12/2024
USPH	7311	107N	40.58641	-98.15863	04/25/2024
USPH	7311	108N	40.58641	-98.15863	05/01/2024
USPH	7311	104C	40.58641	-98.15863	05/01/2024
USPH	7311	109N	40.58641	-98.15863	05/01/2024
USPH	7311	162C	40.58641	-98.15863	04/26/2024
USPH	7311	103C	40.58641	-98.15863	05/01/2024
USPH	7311	105N	40.58641	-98.15863	05/01/2024
USPH	7311	102C	40.58641	-98.15863	04/25/2024
USPH	7311	106N	40.58641	-98.15863	04/25/2024
USPH	7311	181C	40.58641	-98.15863	04/24/2024
USPH	7243	106C	40.84828	-99.70633	04/21/2024
USPH	7243	102C	40.84828	-99.70633	04/20/2024
USPH	7243	110N	40.84828	-99.70633	04/20/2024
USPH	7243	103C	40.84828	-99.70633	04/20/2024
USPH	7243	104N	40.84828	-99.70633	04/20/2024
USPH	7243	105C	40.84828	-99.70633	04/21/2024
USPH	7243	161C	40.84828	-99.70633	04/15/2024
USPH	7243	108N	40.84828	-99.70633	04/20/2024
USPH	7243	109N	40.84828	-99.70633	04/20/2024
USPH	7243	107C	40.84828	-99.70633	04/19/2024
USPH	6310	165C	42.49757	-98.73118	05/04/2024
USPH	6310	102N	42.49757	-98.73118	05/03/2024
USPH	6310	101N	42.49757	-98.73118	05/03/2024
USPH	6310	104C	42.49757	-98.73118	05/03/2024
USPH	6310	103C	42.49757	-98.73118	05/03/2024
USPH	6B17	102N	40.5559	-101.68972	05/02/2024
USPH	6B17	161N	40.5559	-101.68972	05/02/2024
USPH	7303	108C	40.51355	-98.88983	04/22/2024
USPH	7303	103C	40.51355	-98.88983	04/23/2024
USPH	7303	161C	40.51355	-98.88983	04/22/2024
USPH	7303	106N	40.51355	-98.88983	04/23/2024
USPH	7303	104N	40.51355	-98.88983	04/23/2024
USPH	7303	180C	40.51355	-98.88983	04/23/2024
USPH	7303	107N	40.51355	-98.88983	04/23/2024
USPH	7303	102C	40.51355	-98.88983	04/22/2024
USPH	7303	105N	40.51355	-98.88983	04/23/2024
USPH	7303	109C	40.51355	-98.88983	04/22/2024
USPH	7B34	102C	40.19995	-100.85913	04/22/2024
USPH	7B34	161N	40.19995	-100.85913	04/22/2024
USPH	6C17	161N	41.14552	-97.97774	04/12/2024
USPH	7244	100C	40.84828	-99.70633	04/19/2024
USPH	7C15	161N	40.76069	-98.77414	04/24/2024
USPH	7B36	161N	40.21632	-100.88718	04/22/2024
USAD	434N	VIG	44.30589	-96.70749	04/19/2024
USAD	4C23	161N	43.04985	-98.26366	04/25/2024
USAD	4C18	191N	43.69129	-98.37543	04/25/2024
USAD	4C18	161N	43.69129	-98.37543	04/24/2024
USAD	4C32	161N	43.46281	-96.49251	04/25/2024
USAD	4C32	191N	43.46281	-96.49251	04/25/2024
USAD	5C23	161C	43.51757	-99.04708	04/24/2024
USAD	5C23	102C	43.51757	-99.04708	04/24/2024
USBY	9602	105N	33.34241	-91.0461	04/05/2024
USBY	9539	104N	34.80561	-91.08566	04/17/2024
USBY	9540	161N	34.80993	-91.60265	03/30/2024
USBY	9540	101N	34.80993	-91.60265	03/30/2024
USBY	9511	105N	32.61451	-91.54174	04/04/2024
USBY	9511	102N	32.61451	-91.54174	04/03/2024
USBY	9511	104N	32.61451	-91.54174	04/03/2024
USBY	9511	191N	32.61451	-91.54174	04/03/2024
USBY	9511	101N	32.61451	-91.54174	04/03/2024
USBY	9511	161N	32.61451	-91.54174	04/03/2024
USBY	9511	103N	32.61451	-91.54174	04/03/2024
USBY	9602	104N	33.34241	-91.0461	04/05/2024
USBY	9602	102N	33.34241	-91.0461	04/05/2024
USBY	9602	161N	33.34241	-91.0461	04/04/2024
USBY	9602	101N	33.34241	-91.0461	04/05/2024
USBY	9602	191N	33.34241	-91.0461	04/05/2024
USBY	9602	103N	33.34241	-91.0461	04/05/2024
USBY	9539	101N	34.80561	-91.08566	04/17/2024
USBY	9539	103N	34.80561	-91.08566	04/17/2024
USBY	9539	102N	34.80561	-91.08566	04/17/2024
USBY	9539	191N	34.80561	-91.08566	04/17/2024
USBY	9539	161N	34.80561	-91.08566	04/17/2024
USBY	9533	101N	34.48735	-90.63514	04/05/2024
USBY	9533	161N	34.48735	-90.63514	04/05/2024
USBY	8541	121N	36.99384	-89.41666	04/24/2024
USBY	8541	105N	36.99384	-89.41666	04/22/2024
USBY	8541	120N	36.99384	-89.41666	04/24/2024
USBY	8541	107N	36.99384	-89.41666	04/22/2024
USBY	8541	201N	36.99384	-89.41666	04/24/2024
USBY	8541	104N	36.99384	-89.41666	04/22/2024
USBY	8541	117N	36.99384	-89.41666	04/23/2024
USBY	8541	114N	36.99384	-89.41666	04/23/2024
USBY	8541	118N	36.99384	-89.41666	04/23/2024
USBY	8541	102N	36.99384	-89.41666	04/22/2024
USBY	8541	106N	36.99384	-89.41666	04/22/2024
USBY	8541	110N	36.99384	-89.41666	04/23/2024
USBY	8541	108N	36.99384	-89.41666	04/23/2024
USBY	8541	161N	36.99384	-89.41666	04/22/2024
USBY	8541	113N	36.99384	-89.41666	04/23/2024
USBY	8541	111N	36.99384	-89.41666	04/23/2024
USBY	8541	119N	36.99384	-89.41666	04/24/2024
USBY	8541	103N	36.99384	-89.41666	04/22/2024
USBY	8541	112N	36.99384	-89.41666	04/23/2024
USBY	8541	116N	36.99384	-89.41666	04/23/2024
USBY	8541	109N	36.99384	-89.41666	04/23/2024
USBY	8541	115N	36.99384	-89.41666	04/23/2024
USBY	8541	101N	36.99384	-89.41666	04/22/2024
USBY	9530	105N	35.74503	-90.50468	04/13/2024
USBY	9530	102N	35.74503	-90.50468	04/12/2024
USBY	9530	261N	35.74503	-90.50468	04/12/2024
USBY	9530	101N	35.74503	-90.50468	04/12/2024
USBY	9530	104N	35.74503	-90.50468	04/13/2024
USBY	9530	103N	35.74503	-90.50468	04/12/2024
USBY	9530	201N	35.74503	-90.50468	04/12/2024
USBY	8648	161N	36.04767	-89.33731	04/25/2024
USBY	8648	101N	36.04767	-89.33731	04/25/2024
USBY	9544	161N	34.25128	-91.33619	04/15/2024
USBY	9544	102N	34.25128	-91.33619	04/15/2024
USBY	9544	103N	34.25128	-91.33619	04/15/2024
USBY	9544	101N	34.25128	-91.33619	04/15/2024
CAAR	3831	101C	43.08087	-81.20239	04/26/2024
USHI	8G08	101C	37.55285	-87.40873	04/25/2024
USHI	8G08	162C	37.55285	-87.40873	04/26/2024
USHI	7F01	161N	39.27391	-89.33646	04/18/2024
USHI	8F35	162N	38.79127	-88.06573	05/04/2024
USHI	8F35	161N	38.79127	-88.06573	05/04/2024
USHI	8F35	103N	38.79127	-88.06573	05/04/2024
USHI	8Z34	101C	38.92978	-91.40657	04/17/2024
USHI	8Z34	102C	38.92978	-91.40657	04/17/2024
USHI	8Z34	163C	38.92978	-91.40657	04/17/2024
USHI	8Z34	164N	38.92978	-91.40657	04/17/2024
USHI	7Z16	162N	39.50787	-91.19225	04/15/2024
USHI	7Z16	161N	39.50787	-91.19225	04/15/2024
USHI	8Z17	161C	39.87643	-92.20401	04/11/2024
USHI	8Z17	102C	39.87643	-92.20401	04/11/2024
USHI	8G11	161N	36.85836	-88.72849	04/23/2024
USHI	8G11	103N	36.85836	-88.72849	04/23/2024
USHI	8G11	162N	36.85836	-88.72849	04/23/2024
USHI	8644	102N	37.72998	-88.44512	04/19/2024
USHI	8644	103N	37.72998	-88.44512	04/22/2024
USHI	8644	104N	37.72998	-88.44512	04/22/2024
USHI	8644	161N	37.72998	-88.44512	04/18/2024
USMK	4732	103N	42.65573	-84.23418	05/02/2024
USMK	4732	104N	42.65573	-84.23418	05/03/2024
USMK	4732	161N	42.65573	-84.23418	05/01/2024
USMK	4732	191N	42.65573	-84.23418	05/01/2024
USMK	4732	102N	42.65573	-84.23418	05/02/2024
USMK	7821	107N	39.48806	-83.51649	04/24/2024
USMK	7821	104N	39.48806	-83.51649	04/24/2024
USMK	7821	103N	39.48806	-83.51649	04/24/2024
USMK	7821	102N	39.48806	-83.51649	04/24/2024
USMK	7821	161N	39.48806	-83.51649	04/23/2024
USMK	7821	105N	39.48806	-83.51649	04/24/2024
USMK	7821	106N	39.48806	-83.51649	04/24/2024
USMK	7821	108N	39.48806	-83.51649	04/24/2024
USMK	5704	102N	41.80871	-85.56952	05/02/2024
USMK	5704	161N	41.80871	-85.56952	05/02/2024
USMK	7G28	102C	39.5786	-85.95697	04/26/2024
USMK	7G28	161C	39.5786	-85.95697	04/26/2024
USMK	6821	104N	40.69495	-83.20279	04/29/2024
USMK	6821	103C	40.69495	-83.20279	04/29/2024
USMK	6821	102C	40.69495	-83.20279	04/29/2024
USMK	6821	161C	40.69495	-83.20279	04/29/2024
USMK	7727	104N	39.58983	-85.94074	04/25/2024
USMK	7727	103N	39.58983	-85.94074	04/25/2024
USMK	7727	207C	39.58983	-85.94074	04/25/2024
USMK	7727	268C	39.58983	-85.94074	04/25/2024
USMK	7727	102N	39.58983	-85.94074	04/25/2024
USMK	7727	101N	39.58983	-85.94074	04/25/2024
USMK	7727	205N	39.58983	-85.94074	04/25/2024
USMK	7727	206C	39.58983	-85.94074	04/25/2024
USMK	6734	212N	40.30658	-85.8118	05/04/2024
USMK	6734	216C	40.30658	-85.8118	05/04/2024
USMK	6734	214N	40.30658	-85.8118	05/04/2024
USMK	6734	215N	40.30658	-85.8118	05/04/2024
USMK	6734	213N	40.30658	-85.8118	05/04/2024
USCL	6F02	161N	41.06906	-90.39755	04/24/2024
USCL	7636	103N	39.86639	-88.37653	04/21/2024
USCL	7636	102N	39.86639	-88.37653	04/21/2024
USCL	7636	104N	39.86639	-88.37653	04/21/2024
USCL	7636	161N	39.86639	-88.37653	04/21/2024
USCL	7612	103N	40.57185	-90.80178	04/24/2024
USCL	7612	104N	40.57185	-90.80178	04/25/2024
USCL	7612	107N	40.57185	-90.80178	04/25/2024
USCL	7612	191N	40.57185	-90.80178	04/24/2024
USCL	7612	105N	40.57185	-90.80178	04/25/2024
USCL	7612	102N	40.57185	-90.80178	04/24/2024
USCL	7612	106N	40.57185	-90.80178	04/25/2024
USCL	7612	161N	40.57185	-90.80178	04/24/2024
USCL	7632	104N	40.21196	-88.88378	04/22/2024
USCL	7632	101N	40.21196	-88.88378	04/22/2024
USCL	7632	202N	40.21196	-88.88378	04/22/2024
USCL	7632	201N	40.21196	-88.88378	04/22/2024
USCL	7632	108N	40.21196	-88.88378	04/22/2024
USCL	7632	265N	40.21196	-88.88378	04/22/2024
USCL	7632	204N	40.21196	-88.88378	04/22/2024
USCL	7632	106N	40.21196	-88.88378	04/22/2024
USCL	7632	203N	40.21196	-88.88378	04/22/2024
USCL	7632	107N	40.21196	-88.88378	04/22/2024
USCL	7632	287C	40.21196	-88.88378	04/22/2024
USCL	7632	295N	40.21196	-88.88378	04/22/2024
USCL	7632	102N	40.21196	-88.88378	04/22/2024
USCL	7632	286C	40.21196	-88.88378	04/22/2024
USCL	7632	109N	40.21196	-88.88378	04/23/2024
USCL	7632	105N	40.21196	-88.88378	04/22/2024
USCL	7632	103N	40.21196	-88.88378	04/22/2024
USCL	7603	108N	39.78357	-90.02618	04/15/2024
USCL	7603	103N	39.78357	-90.02618	04/15/2024
USCL	7603	106N	39.78357	-90.02618	04/15/2024
USCL	7603	107N	39.78357	-90.02618	04/15/2024
USCL	7603	105N	39.78357	-90.02618	04/15/2024
USCL	7603	104N	39.78357	-90.02618	04/15/2024
USCL	7603	181C	39.78357	-90.02618	04/15/2024
USCL	7603	162N	39.78357	-90.02618	04/15/2024
USCL	7F15	161N	40.35014	-91.02907	04/25/2024
USCL	7F20	102C	40.58659	-89.40361	04/17/2024
USCL	7F20	101C	40.58659	-89.40361	04/17/2024
USCL	7F20	163N	40.58659	-89.40361	04/17/2024
USCL	7623	103N	39.70078	-89.34591	04/17/2024
USCL	7623	161N	39.70078	-89.34591	04/17/2024
USCL	7623	104N	39.70078	-89.34591	04/17/2024
USCL	7623	191N	39.70078	-89.34591	04/18/2024
USCL	7623	102N	39.70078	-89.34591	04/17/2024
USCL	7F17	161N	40.36426	-90.51911	04/17/2024
USCL	7F34	191N	39.67326	-89.35742	04/17/2024
USCL	7F34	161N	39.67326	-89.35742	04/17/2024
USCL	7664	103C	40.0197	-88.69441	05/03/2024
USCL	7664	194C	40.0197	-88.69441	05/03/2024
USCL	7664	101C	40.0197	-88.69441	05/03/2024
USCL	7664	102C	40.0197	-88.69441	05/03/2024
USCL	7664	104C	40.0197	-88.69441	05/03/2024
USCL	7667	104C	39.63752	-89.32941	05/04/2024
USCL	7667	101C	39.63752	-89.32941	05/04/2024
USCL	7667	103C	39.63752	-89.32941	05/04/2024
USCL	7667	102C	39.63752	-89.32941	05/04/2024
USCL	7667	194C	39.63752	-89.32941	05/04/2024
USJA	5607	161C	42.57727	-90.14373	04/25/2024
USJA	5607	106N	42.57727	-90.14373	04/25/2024
USJA	5607	102C	42.57727	-90.14373	04/25/2024
USJA	5607	107N	42.57727	-90.14373	04/26/2024
USJA	5607	105N	42.57727	-90.14373	04/25/2024
USJA	5607	104C	42.57727	-90.14373	04/25/2024
USJA	5607	183C	42.57727	-90.14373	04/25/2024
USJA	462N	EO10N	42.66703	-88.95881	05/04/2024
USJA	462N	EO-08	42.66703	-88.95881	05/04/2024
USJA	462N	EO11C	42.66703	-88.95881	05/04/2024
USJA	462N	EO14C	42.66703	-88.95881	04/11/2024
USJA	462N	EO25C	42.66703	-88.95881	05/04/2024
USJA	5628	101C	42.52014	-88.919	05/02/2024
USWA	7C27	161N	40.41565	-96.95886	04/15/2024
USWA	8320	168N	40.29511	-97.12523	04/12/2024
USWA	8320	110N	40.29511	-97.12523	04/12/2024
USWA	8320	106N	40.29511	-97.12523	04/12/2024
USWA	8320	105N	40.29511	-97.12523	04/12/2024
USWA	8320	103N	40.29511	-97.12523	04/11/2024
USWA	7337	162N	40.31808	-95.90574	04/24/2024
USWA	8320	104N	40.29511	-97.12523	04/12/2024
USWA	8320	102N	40.29511	-97.12523	04/11/2024
USWA	8320	101N	40.29511	-97.12523	04/11/2024
USWA	8320	109N	40.29511	-97.12523	04/12/2024
USWA	7C01	101N	41.40354	-96.9988	05/01/2024
USWA	7C01	162N	41.40354	-96.9988	05/01/2024
USWA	8C15	161N	39.94705	-96.40294	04/10/2024
USWA	7337	101N	40.31808	-95.90574	04/24/2024
USWA	7C32	162N	41.02484	-97.09643	04/30/2024
USWA	7C32	101N	41.02484	-97.09643	04/30/2024
USWA	7330	182N	40.7439	-97.26835	05/01/2024
USWA	7330	181N	40.7439	-97.26835	04/30/2024
USWA	7330	163N	40.7439	-97.26835	05/01/2024
USWA	6D08	162N	42.05447	-95.713	04/15/2024
USWA	6D08	101N	42.05447	-95.713	04/15/2024
USWA	6D08	163N	42.05447	-95.713	04/15/2024
USWA	7D11	164N	41.02834	-95.13812	04/23/2024
USWA	7D11	166N	41.02834	-95.13812	04/23/2024
USWA	7D11	101C	41.02834	-95.13812	04/23/2024
USWA	7D11	102C	41.02834	-95.13812	04/23/2024
USWA	7D11	103N	41.02834	-95.13812	04/23/2024
USWA	7D11	165N	41.02834	-95.13812	04/23/2024
USWA	73H1	101C	41.39014	-96.63743	04/23/2024
USWA	6D16	163N	41.64143	-95.48134	04/15/2024
USWA	6D16	101N	41.64143	-95.48134	04/15/2024
USWA	6D16	162N	41.64143	-95.48134	04/15/2024
USWA	6334	106C	42.16962	-96.99378	04/25/2024
USWA	6334	102N	42.16962	-96.99378	04/24/2024
USWA	6334	161N	42.16962	-96.99378	04/24/2024
USWA	6334	103N	42.16962	-96.99378	04/24/2024
USWA	6334	104N	42.16962	-96.99378	04/24/2024
USWA	6334	105N	42.16962	-96.99378	04/25/2024
USWA	6334	191N	42.16962	-96.99378	04/24/2024
USWA	8D04	161N	39.95157	-95.17585	04/12/2024
USWA	7345	192C	41.55737	-96.74678	04/23/2024
USWA	7345	162N	41.55737	-96.74678	04/22/2024
USWA	7345	108N	41.55737	-96.74678	04/23/2024
USWA	7345	103N	41.55737	-96.74678	04/22/2024
USWA	7345	191C	41.55737	-96.74678	04/23/2024
USWA	7345	101N	41.55737	-96.74678	04/22/2024
USWA	7345	105N	41.55737	-96.74678	04/22/2024
USWA	7345	106N	41.55737	-96.74678	04/22/2024
USWA	7345	104N	41.55737	-96.74678	04/22/2024
USWA	7345	107N	41.55737	-96.74678	04/23/2024
USWA	7408	165N	40.59796	-95.49925	04/12/2024
USWA	7408	104N	40.59796	-95.49925	04/11/2024
USWA	7408	102N	40.59796	-95.49925	04/11/2024
USWA	7408	103N	40.59796	-95.49925	04/11/2024
USWA	7408	101N	40.59796	-95.49925	04/11/2024
USWA	7408	166N	40.59796	-95.49925	04/12/2024
USJN	8220	161N	37.54391	-100.79384	04/24/2024
USJN	8220	102C	37.54391	-100.79384	04/24/2024
USJN	8220	191C	37.54391	-100.79384	04/24/2024
USJN	8220	103N	37.54391	-100.79384	04/24/2024
USJN	8B12	161C	35.39097	-101.32436	04/25/2024
USJN	8B12	102C	35.39097	-101.32436	04/25/2024
USJN	8C04	103C	37.79546	-98.05054	04/23/2024
USJN	8C04	191C	37.79546	-98.05054	04/23/2024
USJN	8C04	162C	37.79546	-98.05054	04/23/2024
USJN	8C04	104C	37.79546	-98.05054	04/23/2024
USJN	8B38	102C	37.4383	-98.57889	04/23/2024
USJN	8B38	161C	37.4383	-98.57889	04/23/2024
USJN	9C26	161C	36.24497	-101.95004	04/30/2024
USJN	9C26	191C	36.24497	-101.95004	04/30/2024
USJN	8218	102C	38.10919	-100.86061	04/29/2024
USJN	8218	105N	38.10919	-100.86061	04/29/2024
USJN	8218	103C	38.10919	-100.86061	04/29/2024
USJN	8218	104N	38.10919	-100.86061	04/29/2024
USJN	8218	161C	38.10919	-100.86061	04/29/2024
USJN	8405	102N	39.13488	-93.41023	04/11/2024
USJN	8405	161C	39.13488	-93.41023	04/11/2024
USJN	8405	105C	39.13488	-93.41023	04/12/2024
USJN	8405	103C	39.13488	-93.41023	04/11/2024
USJN	8405	107N	39.13488	-93.41023	04/12/2024
USJN	8405	104C	39.13488	-93.41023	04/12/2024
USJN	8405	106N	39.13488	-93.41023	04/12/2024
USJN	8C39	161N	37.25467	-94.75412	04/17/2024
USJN	8C34	163N	37.78577	-94.93686	04/17/2024
USJN	8C34	162C	37.78577	-94.93686	04/17/2024
USJN	8C34	101C	37.78577	-94.93686	04/17/2024
USJN	8D32	161C	39.009	-93.70305	04/11/2024
USJN	8D32	102C	39.009	-93.70305	04/11/2024
USJN	8C16	191N	39.41083	-97.14221	04/19/2024
USJN	8C16	162N	39.41083	-97.14221	04/19/2024
USJN	8307	102C	39.05378	-95.54798	04/10/2024
USJN	8307	161N	39.05378	-95.54798	04/10/2024
USJN	8307	103C	39.05378	-95.54798	04/10/2024
USJN	8C11	161N	37.99365	-97.53284	04/15/2024
USJN	8B09	163C	38.53605	-101.28936	04/24/2024
USJN	8318	161N	38.1404	-97.98343	04/30/2024
USJN	8318	103N	38.1404	-97.98343	04/30/2024
USJN	8318	104N	38.1404	-97.98343	04/30/2024
USJN	8318	102N	38.1404	-97.98343	04/30/2024
USJN	8318	106C	38.1404	-97.98343	04/30/2024
USJN	8318	105C	38.1404	-97.98343	04/30/2024
USJN	8B09	102C	38.53605	-101.28936	04/24/2024
USJN	8B09	161C	38.53605	-101.28936	04/23/2024
USJN	8316	103C	39.4285	-97.19481	04/19/2024
USJN	8316	104N	39.4285	-97.19481	04/20/2024
USJN	8316	102C	39.4285	-97.19481	04/20/2024
USJN	8316	191C	39.4285	-97.19481	04/20/2024
USJN	8316	161N	39.4285	-97.19481	04/19/2024
USJN	7203	191N	37.20352	-101.77808	05/01/2024
USJN	7203	102N	37.20352	-101.77808	05/01/2024
USJN	7203	104N	37.20352	-101.77808	05/01/2024
USJN	7203	103N	37.20352	-101.77808	05/01/2024
USJN	7203	161N	37.20352	-101.77808	05/01/2024
USJN	8C09	192C	37.96335	-97.51431	04/15/2024
USJN	8C09	161N	37.96335	-97.51431	04/15/2024
USMA	5F32	162N	42.33657	-88.52652	05/01/2024
USMA	5F32	103N	42.33657	-88.52652	05/01/2024
USMA	5F32	161N	42.33657	-88.52652	05/01/2024
USMA	5620	111N	41.805	-89.10034	05/04/2024
USMA	5620	109N	41.805	-89.10034	05/04/2024
USMA	5620	105C	41.805	-89.10034	05/04/2024
USMA	5620	110N	41.805	-89.10034	05/04/2024
USMA	5620	108N	41.805	-89.10034	05/04/2024
USMA	5620	161C	41.805	-89.10034	05/03/2024
USMA	5620	106N	41.805	-89.10034	05/04/2024
USMA	5620	103C	41.805	-89.10034	05/04/2024
USMA	5620	113N	41.805	-89.10034	05/04/2024
USMA	5620	107N	41.805	-89.10034	05/04/2024
USMA	5620	102C	41.805	-89.10034	05/04/2024
USMA	5620	112N	41.805	-89.10034	05/04/2024
USMA	5620	104C	41.805	-89.10034	05/04/2024
USST	4531	901N	44.4792	-93.03369	04/15/2024
USST	4D46	162C	43.57005	-93.47576	04/25/2024
USST	4D46	103C	43.57005	-93.47576	04/25/2024
USST	4D46	161N	43.57005	-93.47576	04/25/2024
USST	4400	102N	43.58005	-95.72387	04/23/2024
USST	4400	105N	43.58005	-95.72387	04/24/2024
USST	4400	103N	43.58005	-95.72387	04/23/2024
USST	4400	104N	43.58005	-95.72387	04/24/2024
USST	4400	161N	43.58005	-95.72387	04/23/2024
USST	4400	191N	43.58005	-95.72387	04/23/2024
USSL	6428	181N	41.8514	-94.51231	04/25/2024
USSL	6428	166N	41.8514	-94.51231	04/25/2024
USSL	6428	196N	41.8514	-94.51231	04/25/2024
USSL	6428	104C	41.8514	-94.51231	04/25/2024
USSL	6428	182C	41.8514	-94.51231	04/25/2024
USSL	6428	103C	41.8514	-94.51231	04/25/2024
USSL	6428	165C	41.8514	-94.51231	04/25/2024
USSL	7420	205N	41.38659	-95.03815	04/23/2024
USSL	7420	202C	41.38659	-95.03815	04/22/2024
USSL	7420	206N	41.38659	-95.03815	04/23/2024
USSL	7420	106N	41.38659	-95.03815	04/23/2024
USSL	7420	214N	41.38659	-95.03815	04/24/2024
USSL	7420	203N	41.38659	-95.03815	04/23/2024
USSL	7420	210N	41.38659	-95.03815	04/23/2024
USSL	7420	207N	41.38659	-95.03815	04/23/2024
USSL	7420	102N	41.38659	-95.03815	04/22/2024
USSL	7420	208N	41.38659	-95.03815	04/23/2024
USSL	7420	101N	41.38659	-95.03815	04/22/2024
USSL	7420	105N	41.38659	-95.03815	04/23/2024
USSL	7420	108N	41.38659	-95.03815	04/23/2024
USSL	7420	110N	41.38659	-95.03815	04/23/2024
USSL	7420	182N	41.38659	-95.03815	04/23/2024
USSL	7420	181N	41.38659	-95.03815	04/23/2024
USSL	7420	103N	41.38659	-95.03815	04/23/2024
USSL	7420	204N	41.38659	-95.03815	04/23/2024
USSL	7420	109N	41.38659	-95.03815	04/23/2024
USSL	7420	213N	41.38659	-95.03815	04/24/2024
USSL	7420	104N	41.38659	-95.03815	04/23/2024
USSL	7420	212N	41.38659	-95.03815	04/23/2024
USSL	7420	209N	41.38659	-95.03815	04/23/2024
USSL	7420	107N	41.38659	-95.03815	04/23/2024
USSL	7420	261N	41.38659	-95.03815	04/22/2024
USSL	7420	211N	41.38659	-95.03815	04/23/2024
USSL	7420	183C	41.38659	-95.03815	04/24/2024
USSL	6418	401C	41.86565	-93.67093	04/10/2024
USSL	7411	105N	41.16836	-95.02954	04/22/2024
USSL	7411	107N	41.16836	-95.02954	04/22/2024
USSL	7411	108N	41.16836	-95.02954	04/23/2024
USSL	7411	161N	41.16836	-95.02954	04/22/2024
USSL	7411	102N	41.16836	-95.02954	04/22/2024
USSL	7411	103N	41.16836	-95.02954	04/22/2024
USSL	7411	106N	41.16836	-95.02954	04/22/2024
USSL	7411	104N	41.16836	-95.02954	04/22/2024
USSL	4439	103N	43.44049	-94.03504	04/25/2024
USSL	4439	161N	43.44049	-94.03504	04/25/2024
USSL	4439	102N	43.44049	-94.03504	04/25/2024
USSL	4439	104N	43.44049	-94.03504	04/25/2024
USSL	7D06	161N	40.382	-93.7951	04/11/2024
USSL	7440	105C	41.44965	-94.14146	04/13/2024
USSL	7440	161C	41.44965	-94.14146	04/12/2024
USSL	7440	102C	41.44965	-94.14146	04/12/2024
USSL	7440	103C	41.44965	-94.14146	04/12/2024
USSL	7440	108N	41.44965	-94.14146	04/13/2024
USSL	7440	104C	41.44965	-94.14146	04/12/2024
USSL	7440	107N	41.44965	-94.14146	04/13/2024
USSL	7440	106N	41.44965	-94.14146	04/13/2024
USSL	6416	196N	42.18787	-94.60034	04/24/2024
USSL	6416	102N	42.18787	-94.60034	04/23/2024
USSL	6416	104N	42.18787	-94.60034	04/24/2024
USSL	6416	105N	42.18787	-94.60034	04/24/2024
USSL	6416	166N	42.18787	-94.60034	04/24/2024
USSL	6416	101N	42.18787	-94.60034	04/23/2024
USSL	6416	103N	42.18787	-94.60034	04/23/2024
USSL	6Z01	161N	41.79548	-92.2623	04/25/2024
USSL	7520	203N	41.43218	-92.50331	04/25/2024
USSL	7520	304N	41.43218	-92.50331	04/25/2024
USSL	7520	204N	41.43218	-92.50331	04/25/2024
USSL	7520	301N	41.43218	-92.50331	04/24/2024
USSL	7520	201N	41.43218	-92.50331	04/24/2024
USSL	7520	302N	41.43218	-92.50331	04/24/2024
USSL	7520	202N	41.43218	-92.50331	04/24/2024
USSL	7520	207N	41.43218	-92.50331	04/25/2024
USSL	7520	205N	41.43218	-92.50331	04/25/2024
USSL	7520	206N	41.43218	-92.50331	04/25/2024
USSL	7520	303N	41.43218	-92.50331	04/25/2024
USMA	5F12	102C	41.69167	-90.26238	04/25/2024
USMA	5F12	101C	41.69167	-90.26238	04/25/2024
USMA	5F12	163C	41.69167	-90.26238	04/26/2024
USMA	6601	197N	40.89988	-89.21537	04/24/2024
USMA	6601	105N	40.89988	-89.21537	04/24/2024
USMA	6601	101N	40.89988	-89.21537	04/22/2024
USMA	6601	104N	40.89988	-89.21537	04/22/2024
USMA	6601	167N	40.89988	-89.21537	04/24/2024
USMA	6601	102N	40.89988	-89.21537	04/22/2024
USMA	6601	106N	40.89988	-89.21537	04/24/2024
USMA	6601	103N	40.89988	-89.21537	04/22/2024
USMA	6609	112N	41.3752	-89.37746	04/25/2024
USMA	6609	164N	41.3752	-89.37746	04/26/2024
USMA	6609	110N	41.3752	-89.37746	04/25/2024
USMA	6609	108N	41.3752	-89.37746	04/24/2024
USMA	6609	113N	41.3752	-89.37746	04/25/2024
USMA	6609	105N	41.3752	-89.37746	04/24/2024
USMA	6609	111N	41.3752	-89.37746	04/25/2024
USMA	6609	101N	41.3752	-89.37746	04/23/2024
USMA	6609	103N	41.3752	-89.37746	04/23/2024
USMA	6609	106N	41.3752	-89.37746	04/24/2024
USMA	6609	104N	41.3752	-89.37746	04/23/2024
USMA	6609	107N	41.3752	-89.37746	04/24/2024
USMA	6609	102N	41.3752	-89.37746	04/23/2024
USMA	6609	109N	41.3752	-89.37746	04/24/2024
USMA	5610	106N	42.49635	-89.33653	05/04/2024
USMA	5610	102N	42.49635	-89.33653	05/03/2024
USMA	5610	107N	42.49635	-89.33653	05/04/2024
USMA	5610	198N	42.49635	-89.33653	05/04/2024
USMA	5610	103N	42.49635	-89.33653	05/03/2024
USMA	5610	168N	42.49635	-89.33653	05/04/2024
USMA	5610	104N	42.49635	-89.33653	05/04/2024
USMA	5610	101N	42.49635	-89.33653	05/03/2024
USMA	5610	169N	42.49635	-89.33653	05/04/2024
USMA	5610	105N	42.49635	-89.33653	05/04/2024
USST	5D40	163C	43.64125	-94.48744	04/24/2024
USST	5D40	102C	43.64125	-94.48744	04/24/2024
USST	5D40	101C	43.64125	-94.48744	04/24/2024
USST	5D40	164N	43.64125	-94.48744	04/24/2024
USST	5D40	165N	43.64125	-94.48744	04/24/2024
